"id";"ticker";"date";"sector";"52WeekChange";"ask";"bid";"52WeekHigh";"52WeekLow";"dailyOpen";"previousClose";"dailyVolume";"quickRatio";"10DayAverageVolume";"marketCap";"dayHigh";"dayLow"
1;"AAPL";"2023-07-11";"Technology";29.27;188.24;188.12;194.48;124.17;189.16;188.61;46509718;0.76;51012280;2958250000000;0.0;0.0
2;"MSFT";"2023-07-11";"Technology";31.56;332.57;332.52;351.47;213.43;331.06;331.83;26635569;1.66;22791880;2472080000000;0.0;0.0
3;"GOOG";"2023-07-11";"Communication Services";4.92;117.71;117.65;129.55;83.45;116.76;116.87;17940869;2.2;21102290;1491680000000;0.0;0.0
4;"AMZN";"2023-07-11";"Consumer Cyclical";16.65;128.93;128.87;146.57;81.43;127.75;127.13;49842486;0.69;45253080;1321330000000;0.0;0.0
5;"NVDA";"2023-07-11";"Technology";179.64;424.22;423.77;439.9;108.13;424.81;421.8;28118201;2.67;37582070;1047400000000;0.0;0.0
6;"TSLA";"2023-07-11";"Consumer Cyclical";13.82;269.85;269.83;314.67;101.81;268.65;269.61;91620776;0.93;126463980;855099000000;0.0;0.0
7;"BRK-B";"2023-07-11";"Financial Services";23.75;343.59;343.02;344.07;259.85;341.23;341.13;2688687;1.29;2894880;749899000000;0.0;0.0
8;"META";"2023-07-11";"Communication Services";82.45;298.2;298.45;300.18;88.09;293.9;294.1;26587730;1.91;25815500;764437000000;0.0;0.0
9;"V";"2023-07-11";"Financial Services";17.83;241.0;240.06;240.7;174.6;238.81;238.16;3855989;1.08;5552600;503808000000;0.0;0.0
10;"UNH";"2023-07-11";"Healthcare";-7.65;463.5;462.89;558.1;445.68;462.37;463.05;3086179;0.72;3674920;430965000000;0.0;0.0
11;"LLY";"2023-07-11";"Healthcare";36.26;439.77;438.59;469.87;296.32;450.0;453.16;3569097;0.79;2720950;417101000000;0.0;0.0
12;"WMT";"2023-07-11";"Consumer Defensive";23.35;154.8;154.65;159.12;120.06;154.77;154.88;3799975;0.19;5214650;416448000000;0.0;0.0
13;"JPM";"2023-07-11";"Financial Services";31.73;147.84;147.42;147.82;101.28;146.34;145.15;11235426;0.0;0;0;0.0;0.0
14;"JNJ";"2023-07-11";"Healthcare";-9.58;158.77;158.4;181.04;150.11;159.13;159.51;6606479;0.68;6079380;412237000000;0.0;0.0
15;"XOM";"2023-07-11";"Energy";24.91;105.95;105.89;119.92;80.69;105.26;104.69;12547902;1.07;13844900;428435000000;0.0;0.0
16;"MA";"2023-07-11";"Financial Services";23.02;398.19;397.2;398.46;276.87;393.62;392.16;2105561;0.77;2429330;376967000000;0.0;0.0
17;"PG";"2023-07-11";"Consumer Defensive";1.63;147.98;147.86;158.11;122.18;148.73;148.86;4740060;0.34;6665450;349020000000;0.0;0.0
18;"AVGO";"2023-07-11";"Technology";83.1;882.05;880.0;921.78;415.07;881.11;877.73;2549460;1.94;2138310;364009000000;0.0;0.0
19;"ORCL";"2023-07-11";"Technology";64.04;114.9;114.88;127.54;60.78;114.2;113.98;6116827;0.78;7992870;311814000000;0.0;0.0
20;"HD";"2023-07-11";"Consumer Cyclical";9.22;314.5;313.56;347.25;265.61;312.91;310.28;2883048;0.22;3379690;315347000000;0.0;0.0
21;"MRK";"2023-07-11";"Healthcare";15.92;108.94;108.69;119.65;84.52;109.48;109.96;6056552;0.95;6894200;275820000000;0.0;0.0
22;"CVX";"2023-07-11";"Energy";14.59;158.2;157.85;189.68;132.54;156.0;155.25;5047223;1.03;5995960;295597000000;0.0;0.0
23;"KO";"2023-07-11";"Consumer Defensive";-4.58;59.55;59.51;65.47;54.02;59.46;59.31;15958312;0.81;14014980;257399000000;0.0;0.0
24;"PEP";"2023-07-11";"Consumer Defensive";8.16;183.5;184.0;196.88;160.98;184.38;184.3;3914171;0.61;5335360;253467000000;0.0;0.0
25;"ABBV";"2023-07-11";"Healthcare";-10.9;135.73;135.0;168.11;130.96;134.0;134.49;5104083;0.66;6124920;239185000000;0.0;0.0
26;"COST";"2023-07-11";"Consumer Defensive";7.6;529.99;529.51;564.75;447.9;527.5;527.01;1208863;0.51;1655180;234709000000;0.0;0.0
27;"BAC";"2023-07-11";"Financial Services";-5.9;29.02;29.0;38.6;26.32;28.66;28.66;40878930;0.0;0;0;0.0;0.0
28;"ADBE";"2023-07-11";"Technology";35.7;504.73;504.0;518.74;274.73;497.28;496.35;2841698;1.03;2522380;230060000000;0.0;0.0
29;"MCD";"2023-07-11";"Consumer Cyclical";16.65;295.9;294.42;299.1;230.58;295.29;294.49;1529219;1.25;2021690;215188000000;0.0;0.0
30;"CSCO";"2023-07-11";"Technology";22.06;52.11;52.02;52.56;38.6;51.57;51.4;14671234;1.11;14264520;212392000000;0.0;0.0
31;"CRM";"2023-07-11";"Technology";35.28;221.57;220.91;225.0;126.34;222.06;212.81;9977906;0.86;4720200;215420000000;0.0;0.0
32;"PFE";"2023-07-11";"Healthcare";-30.45;35.98;35.96;54.93;35.35;35.64;35.68;17691938;0.97;24911690;203344000000;0.0;0.0
33;"TMO";"2023-07-11";"Healthcare";-0.74;522.5;518.69;611.06;475.77;516.3;516.85;1310779;0.81;1265950;200289000000;0.0;0.0
34;"NFLX";"2023-07-11";"Communication Services";149.33;440.21;439.7;450.97;169.7;438.65;441.71;4566645;1.07;5442620;195691000000;0.0;0.0
35;"ABT";"2023-07-11";"Healthcare";1.21;107.96;107.3;115.69;93.25;107.02;107.02;3705142;1.07;4339080;186937000000;0.0;0.0
36;"AMD";"2023-07-11";"Technology";43.6;111.15;111.11;132.83;54.57;111.66;113.58;58664778;1.52;50858500;179265000000;0.0;0.0
37;"DHR";"2023-07-11";"Healthcare";-5.34;237.51;235.0;303.82;221.22;234.65;234.47;2603888;1.35;2570580;175376000000;0.0;0.0
38;"CMCSA";"2023-07-11";"Communication Services";5.34;42.3;41.86;43.72;28.39;41.98;41.85;15236266;0.55;14197240;175133000000;0.0;0.0
39;"TMUS";"2023-07-11";"Communication Services";3.78;140.8;139.19;154.38;124.92;137.92;138.34;3639371;0.6;3584430;168009000000;0.0;0.0
40;"NKE";"2023-07-11";"Consumer Cyclical";2.17;107.39;107.17;131.31;82.22;105.65;105.78;5454162;1.6;9033720;165057000000;0.0;0.0
41;"DIS";"2023-07-11";"Communication Services";-3.71;89.35;89.36;126.48;84.07;88.2;88.1;13680711;0.83;11651040;164528000000;0.0;0.0
42;"WFC";"2023-07-11";"Financial Services";9.39;42.76;42.71;48.84;35.25;42.35;42.32;15348247;0.0;0;0;0.0;0.0
43;"TXN";"2023-07-11";"Technology";15.9;181.0;174.76;186.3;145.97;179.83;179.44;2615231;3.93;4258780;162307000000;0.0;0.0
44;"VZ";"2023-07-11";"Communication Services";-30.73;34.98;34.96;51.17;33.72;35.12;35.14;28286267;0.54;20125330;147098000000;0.0;0.0
45;"UPS";"2023-07-11";"Industrials";4.11;185.59;184.8;209.39;154.87;181.93;181.33;2893847;1.23;3222720;159100000000;0.0;0.0
46;"PM";"2023-07-11";"Consumer Defensive";8.77;98.57;98.53;105.62;82.85;98.11;97.75;3403682;0.31;3444100;153047000000;0.0;0.0
47;"NEE";"2023-07-11";"Utilities";-10.05;72.14;71.5;91.35;69.64;71.64;71.71;6622538;0.25;7121180;146071000000;0.0;0.0
48;"RTX";"2023-07-11";"Industrials";6.77;98.06;98.05;104.91;80.27;97.1;97.48;6209067;0.72;3967270;143236000000;0.0;0.0
49;"MS";"2023-07-11";"Financial Services";13.31;84.89;85.0;100.99;72.05;83.9;83.4;11052186;1.67;7320820;141893000000;0.0;0.0
50;"INTC";"2023-07-11";"Technology";-10.51;33.4;33.31;40.73;24.59;32.82;32.74;26823536;1.15;32692900;138894000000;0.0;0.0
51;"HON";"2023-07-11";"Industrials";22.16;209.75;207.58;220.96;166.63;208.44;207.74;2801426;0.85;2367180;138947000000;0.0;0.0
52;"BMY";"2023-07-11";"Healthcare";-15.75;62.81;62.8;81.44;62.12;62.32;62.48;9327942;1.19;7719100;131912000000;0.0;0.0
53;"LOW";"2023-07-11";"Consumer Cyclical";25.8;229.98;229.4;231.27;176.5;231.27;229.12;2217232;0.18;2873460;134442000000;0.0;0.0
54;"QCOM";"2023-07-11";"Technology";-13.84;117.26;116.35;156.66;101.47;117.8;117.12;5783071;1.32;5977870;130193000000;0.0;0.0
55;"BA";"2023-07-11";"Industrials";51.97;218.8;218.61;223.91;120.99;212.92;213.31;7444306;0.29;4524770;131605000000;0.0;0.0
56;"AXP";"2023-07-11";"Financial Services";25.28;176.42;172.5;182.15;130.65;172.5;171.71;2261264;1.56;2463080;129800000000;0.0;0.0
57;"SPGI";"2023-07-11";"Financial Services";15.91;398.74;391.18;405.65;279.32;396.98;398.43;877717;0.61;926810;127172000000;0.0;0.0
58;"INTU";"2023-07-11";"Technology";20.97;465.19;463.11;490.83;352.63;465.65;464.33;1145086;1.13;1406270;129864000000;0.0;0.0
59;"CAT";"2023-07-11";"NULL";0.0;0.0;0.0;0.0;0.0;0.0;0.0;0;0.0;0;0;0.0;0.0
60;"UNP";"2023-07-11";"Industrials";0.04;207.55;203.64;242.36;183.69;206.0;204.86;2101048;0.49;1978320;126079000000;0.0;0.0
61;"COP";"2023-07-11";"Energy";29.27;107.42;107.53;138.49;78.3;105.0;104.35;5648329;1.2;5237930;130009000000;0.0;0.0
62;"IBM";"2023-07-11";"Technology";-2.0;134.55;134.25;153.21;115.55;133.66;132.9;2908321;0.98;3006540;122078000000;0.0;0.0
63;"AMAT";"2023-07-11";"Technology";54.42;138.49;137.58;146.69;71.12;140.18;140.56;7703794;1.37;5510360;115516000000;0.0;0.0
64;"AMGN";"2023-07-11";"Healthcare";-9.4;224.99;223.86;296.67;211.71;223.83;224.73;1828957;2.62;2341500;119614000000;0.0;0.0
65;"DE";"2023-07-11";"Industrials";39.43;415.0;413.51;448.4;288.34;410.41;407.09;1121842;1.72;1339300;121323000000;0.0;0.0
66;"GE";"2023-07-11";"Industrials";129.76;111.44;111.16;111.53;46.84;110.73;110.53;3786574;0.8;4277860;121261000000;0.0;0.0
67;"LMT";"2023-07-11";"Industrials";14.29;467.16;465.5;508.1;373.67;461.27;460.38;687090;1.07;694070;118089000000;0.0;0.0
68;"ISRG";"2023-07-11";"Healthcare";67.83;341.47;337.0;344.08;180.07;340.92;340.27;1778796;4.4;1448530;118823000000;0.0;0.0
69;"PLD";"2023-07-11";"Real Estate";2.04;123.9;123.23;138.86;98.03;122.22;121.81;2354243;0.34;3180430;113789000000;0.0;0.0
70;"T";"2023-07-11";"Communication Services";-25.53;15.25;15.22;21.53;14.46;15.29;15.27;39157755;0.3;32405060;108879000000;0.0;0.0
71;"NOW";"2023-07-11";"Technology";32.8;561.99;558.0;576.68;337.0;567.21;565.6;1133746;1.05;962500;114388000000;0.0;0.0
72;"SYK";"2023-07-11";"Healthcare";52.65;300.21;292.47;306.93;188.84;295.0;295.3;794730;0.85;888820;112520000000;0.0;0.0
73;"SBUX";"2023-07-11";"Consumer Cyclical";28.45;100.11;100.07;115.48;75.73;99.44;99.13;5266856;0.51;6221410;114743000000;0.0;0.0
74;"GS";"2023-07-11";"Financial Services";10.59;320.91;320.36;389.58;277.84;318.83;316.47;2041509;1.54;2377850;106676000000;0.0;0.0
75;"ELV";"2023-07-11";"Healthcare";-7.6;437.42;429.77;549.52;428.73;431.79;432.42;1203066;1.3;1347420;103100000000;0.0;0.0
76;"BLK";"2023-07-11";"Financial Services";19.09;719.03;699.73;785.65;503.12;699.92;696.17;497630;1.04;558560;106362000000;0.0;0.0
77;"SCHW";"2023-07-11";"Financial Services";-6.45;57.71;57.6;86.63;45.0;58.0;57.83;8428331;0.39;10473170;104798000000;0.0;0.0
78;"MDLZ";"2023-07-11";"Consumer Defensive";14.39;70.77;70.73;78.59;54.72;72.0;72.1;8281951;0.43;6649850;96541548544;0.0;0.0
79;"BKNG";"2023-07-11";"Consumer Cyclical";60.15;2792.34;2775.0;2789.18;1616.85;2739.92;2728.83;278061;1.5;287440;102801000000;0.0;0.0
80;"TJX";"2023-07-11";"Consumer Cyclical";43.43;85.04;83.66;85.23;57.76;83.96;83.57;3483419;0.54;4084430;97386602496;0.0;0.0
81;"GILD";"2023-07-11";"Healthcare";21.87;76.15;75.69;89.74;59.27;75.49;75.69;3475453;1.01;5031110;94948286464;0.0;0.0
82;"ADI";"2023-07-11";"Technology";27.99;195.68;188.3;198.25;133.48;191.66;191.05;1936929;1.06;3017750;95745761280;0.0;0.0
83;"MMC";"2023-07-11";"Financial Services";23.29;190.02;179.0;189.02;146.82;186.45;184.91;1116119;1.02;1324660;92463349760;0.0;0.0
84;"ADP";"2023-07-11";"Industrials";7.25;226.95;225.77;274.92;201.46;224.84;224.26;1221181;0.1;1495590;93522788352;0.0;0.0
85;"AMT";"2023-07-11";"Real Estate";-23.96;195.16;194.09;282.47;178.17;193.64;193.55;1471789;0.38;1997950;90691969024;0.0;0.0
86;"CVS";"2023-07-11";"Healthcare";-23.73;71.24;71.09;107.26;66.34;69.65;69.36;7040928;0.61;7734770;91370266624;0.0;0.0
87;"VRTX";"2023-07-11";"Healthcare";18.36;342.4;341.44;354.94;271.61;342.63;344.46;896521;3.95;1039760;88015814656;0.0;0.0
88;"C";"2023-07-11";"Financial Services";2.26;46.58;46.49;54.56;40.01;45.8;45.67;14126513;0.0;0;0;0.0;0.0
89;"UBER";"2023-07-11";"Technology";106.33;44.35;44.33;45.24;20.59;42.1;42.78;31714405;0.86;20802730;89777102848;0.0;0.0
90;"LRCX";"2023-07-11";"Technology";50.34;618.81;618.81;651.01;299.59;628.55;627.64;1202617;1.94;1124880;83212877824;0.0;0.0
91;"CI";"2023-07-11";"Healthcare";2.92;288.17;275.46;340.11;240.5;279.35;278.34;903792;0.59;1129300;83358973952;0.0;0.0
92;"HCA";"2023-07-11";"Healthcare";74.05;300.69;288.83;304.86;164.47;297.14;295.74;803739;0.87;1016670;81065975808;0.0;0.0
93;"MO";"2023-07-11";"Consumer Defensive";8.77;45.66;45.61;48.11;40.35;44.95;44.95;7233548;0.63;8030210;81469227008;0.0;0.0
94;"ABNB";"2023-07-11";"Consumer Cyclical";43.81;137.85;137.65;144.63;81.91;129.45;131.71;10028640;0.88;4888010;86685261824;0.0;0.0
95;"ZTS";"2023-07-11";"Healthcare";1.39;170.81;169.81;187.82;124.15;170.54;170.22;1079849;1.72;1431560;78623735808;0.0;0.0
96;"PGR";"2023-07-11";"Financial Services";12.56;133.92;132.27;149.87;109.42;131.38;131.08;1920544;0.27;1741830;77372317696;0.0;0.0
97;"PANW";"2023-07-11";"Technology";52.14;250.5;250.01;258.88;132.22;248.58;247.47;2664176;0.65;3666000;76534095872;0.0;0.0
98;"FI";"2023-07-11";"Technology";38.23;127.16;127.27;127.66;89.26;126.93;126.89;1840149;0.23;2483890;78392197120;0.0;0.0
99;"REGN";"2023-07-11";"Healthcare";19.07;727.73;706.0;837.55;563.82;707.94;703.36;521648;4.54;973480;78643421184;0.0;0.0
100;"SO";"2023-07-11";"Utilities";-0.66;70.74;70.73;80.57;60.71;70.16;70.14;2662639;0.32;3898160;77123993600;0.0;0.0
113;"AAPL";"2023-07-12";"Technology";29.27;0.0;0.0;194.48;124.17;189.68;188.08;26845497;0.76;51012280;2970051936256;0.0;0.0
114;"MSFT";"2023-07-12";"Technology";31.56;0.0;0.0;351.47;213.43;336.6;332.47;13139735;1.66;22791880;2507165925376;0.0;0.0
115;"GOOG";"2023-07-12";"Communication Services";4.92;0.0;0.0;129.55;83.45;119.3;117.71;8871112;2.2;21102290;1524668956672;0.0;0.0
116;"AMZN";"2023-07-12";"Consumer Cyclical";16.65;0.0;0.0;146.57;81.43;130.31;128.78;22748154;0.69;45253080;1326875017216;0.0;0.0
117;"NVDA";"2023-07-12";"Technology";179.64;0.0;0.0;439.9;108.13;430.33;424.05;22765716;2.67;37582070;1076719321088;0.0;0.0
118;"TSLA";"2023-07-12";"Consumer Cyclical";13.82;0.0;0.0;314.67;101.81;276.33;269.79;50739486;0.93;126463980;863419367424;0.0;0.0
119;"BRK-B";"2023-07-12";"Financial Services";23.75;345.96;345.94;346.44;259.85;345.29;343.37;793392;1.29;2894880;758353428480;0.0;0.0
120;"META";"2023-07-12";"Communication Services";82.45;0.0;0.0;309.0;88.09;301.75;298.29;17491877;1.91;25815500;794899578880;0.0;0.0
121;"V";"2023-07-12";"Financial Services";17.83;243.26;243.17;243.94;174.6;241.55;240.55;1775901;1.08;5552600;507347468288;0.0;0.0
122;"UNH";"2023-07-12";"Healthcare";-7.65;457.7;457.27;558.1;445.68;463.0;462.89;2708009;0.72;3674920;426226450432;0.0;0.0
123;"LLY";"2023-07-12";"Healthcare";36.26;443.42;443.03;469.87;296.32;438.47;439.39;1322314;0.79;2720950;419910942720;0.0;0.0
124;"WMT";"2023-07-12";"Consumer Defensive";23.35;155.68;155.66;159.12;120.06;155.31;154.65;1218284;0.19;5214650;418386542592;0.0;0.0
225;"AAPL";"2023-07-13";"Technology";27.8171;190.33;190.32;194.48;124.17;190.5;189.77;38321242;0.764;52013490;2996946599936;0.0;0.0
226;"MSFT";"2023-07-13";"Technology";32.7141;342.83;343.7;351.47;213.43;339.56;337.2;19686273;1.655;23356280;2547844907008;0.0;0.0
227;"GOOG";"2023-07-13";"Communication Services";7.34028;124.9;125.01;129.55;83.45;121.54;119.62;31452140;2.195;20585290;1580335366144;0.0;0.0
228;"AMZN";"2023-07-13";"Consumer Cyclical";18.2319;134.2;134.28;146.57;81.43;134.04;130.8;56554230;0.689;45969050;1377971732480;0.0;0.0
229;"NVDA";"2023-07-13";"Technology";185.597;460.0;460.04;461.34;108.13;445.18;439.02;45692771;2.672;37758630;1141691645952;0.0;0.0
230;"TSLA";"2023-07-13";"Consumer Cyclical";14.1313;277.87;277.62;314.667;101.81;274.59;271.99;112210724;0.932;119520720;880804036608;0.0;0.0
231;"BRK-B";"2023-07-13";"Financial Services";25.8518;343.48;343.31;346.44;259.85;345.6;345.35;2820383;1.287;2922030;751342583808;0.0;0.0
232;"META";"2023-07-13";"Communication Services";95.7229;312.99;313.85;316.23;88.09;313.62;309.34;29105231;1.91;26869830;803185229824;0.0;0.0
233;"V";"2023-07-13";"Financial Services";17.6291;243.42;243.0;244.265;174.6;243.79;242.21;5812590;1.082;5701350;509588471808;0.0;0.0
234;"UNH";"2023-07-13";"Healthcare";-10.0969;448.3;448.02;558.1;445.68;452.0;451.7;7010474;0.718;4034020;416869580800;0.0;0.0
235;"LLY";"2023-07-13";"Healthcare";34.7854;435.61;434.37;469.87;296.32;440.23;440.6;2860098;0.789;2618050;412648996864;0.0;0.0
236;"WMT";"2023-07-13";"Consumer Defensive";21.2956;154.7;154.0;159.12;120.06;155.43;155.04;3917401;0.191;5361870;415047417856;0.0;0.0
237;"JPM";"2023-07-13";"Financial Services";37.1759;149.19;148.8;149.87;101.28;148.7;148.15;9596961;0.0;0;0;0.0;0.0
238;"JNJ";"2023-07-13";"Healthcare";-10.0182;158.81;158.55;181.04;150.11;158.0;158.08;6270543;0.678;6280450;412704309248;0.0;0.0
239;"XOM";"2023-07-13";"Energy";28.0852;104.6;104.44;119.92;80.69;105.97;106.49;26576543;1.072;13846150;422653132800;0.0;0.0
240;"MA";"2023-07-13";"Financial Services";23.2779;400.56;397.25;403.24;276.87;403.0;400.69;2351397;0.768;2436940;379582251008;0.0;0.0
241;"PG";"2023-07-13";"Consumer Defensive";2.46438;148.95;149.2;158.11;122.18;149.0;148.85;5336981;0.344;6796980;351070683136;0.0;0.0
242;"AVGO";"2023-07-13";"Technology";83.6311;891.5;889.01;921.78;415.07;898.94;889.95;2588721;1.942;2171060;369247420416;0.0;0.0
243;"ORCL";"2023-07-13";"Technology";67.0554;117.37;117.37;127.54;60.78;117.09;116.02;9214530;0.775;8396980;320182779904;0.0;0.0
244;"HD";"2023-07-13";"Consumer Cyclical";9.68634;317.49;314.01;347.25;265.61;318.1;317.52;3222381;0.215;3375490;316292530176;0.0;0.0
245;"MRK";"2023-07-13";"Healthcare";14.4759;106.48;106.06;119.65;84.52;107.33;107.47;7688323;0.95;7022490;269780615168;0.0;0.0
246;"CVX";"2023-07-13";"Energy";17.4342;157.67;157.55;189.68;132.54;159.84;159.64;8124858;1.028;5984230;294457049088;0.0;0.0
247;"KO";"2023-07-13";"Consumer Defensive";-3.76327;60.45;60.44;65.47;54.02;60.12;59.84;11069650;0.809;14532100;261912363008;0.0;0.0
248;"PEP";"2023-07-13";"Consumer Defensive";7.12949;187.98;186.75;196.88;160.98;185.8;183.17;7562937;0.607;5365490;258358198272;0.0;0.0
249;"ABBV";"2023-07-13";"Healthcare";-10.2765;133.76;133.59;168.11;130.96;132.93;133.5;4607808;0.659;5835300;235691507712;0.0;0.0
250;"COST";"2023-07-13";"Consumer Defensive";5.09044;538.78;536.0;564.75;447.9;537.8;538.0;1579477;0.511;1683840;238613053440;0.0;0.0
251;"BAC";"2023-07-13";"Financial Services";-2.55559;29.68;29.66;38.6;26.32;29.52;29.36;39069438;0.0;0;0;0.0;0.0
252;"ADBE";"2023-07-13";"Technology";36.036;518.0;517.21;519.41;274.73;509.62;507.36;3046000;1.033;2555960;239761883136;0.0;0.0
253;"MCD";"2023-07-13";"Consumer Cyclical";17.0269;295.5;294.78;299.1;230.58;295.39;295.61;1644738;1.251;2055750;215538352128;0.0;0.0
254;"CSCO";"2023-07-13";"Technology";19.8677;51.56;51.53;52.56;38.6;50.69;50.74;17438647;1.107;15599650;212929167360;0.0;0.0
255;"CRM";"2023-07-13";"Technology";41.1326;230.35;230.05;230.96;126.34;228.26;227.28;5761422;0.86;5210550;224380370944;0.0;0.0
256;"PFE";"2023-07-13";"Healthcare";-29.9669;36.08;36.07;54.93;35.35;36.01;35.99;16624991;0.969;23392920;203569889280;0.0;0.0
257;"TMO";"2023-07-13";"Healthcare";0.0551701;527.4;523.95;611.06;475.77;535.0;525.92;1339959;0.805;1230170;204087410688;0.0;0.0
258;"NFLX";"2023-07-13";"Communication Services";154.062;450.5;449.62;451.67;171.82;447.0;444.05;6143202;1.065;5533810;200212381696;0.0;0.0
259;"ABT";"2023-07-13";"Healthcare";1.07843;107.76;105.55;115.69;93.25;106.69;106.34;4584938;1.07;4338570;187354464256;0.0;0.0
260;"AMD";"2023-07-13";"Technology";45.7761;115.89;115.86;132.83;54.57;115.76;114.58;48753795;1.518;50718880;186672939008;0.0;0.0
261;"DHR";"2023-07-13";"Healthcare";-4.01112;242.0;236.52;303.82;221.22;240.0;238.11;2536348;1.349;2423290;176217653248;0.0;0.0
262;"CMCSA";"2023-07-13";"Communication Services";6.97322;42.55;42.42;43.72;28.39;42.68;42.34;17146899;0.55;14482460;178103812096;0.0;0.0
263;"TMUS";"2023-07-13";"Communication Services";3.85523;140.91;139.7;154.38;124.92;141.09;140.89;3304753;0.603;3608580;170862379008;0.0;0.0
264;"NKE";"2023-07-13";"Consumer Cyclical";4.39837;108.0;107.78;131.31;82.22;109.07;107.76;6386812;1.6;9150490;168271380480;0.0;0.0
265;"DIS";"2023-07-13";"Communication Services";-1.84016;90.44;90.43;126.48;84.07;90.55;90.15;15244266;0.826;12132080;165315837952;0.0;0.0
266;"WFC";"2023-07-13";"Financial Services";11.6675;43.65;43.5;48.84;35.25;43.47;43.26;17905162;0.0;0;0;0.0;0.0
267;"TXN";"2023-07-13";"Technology";15.5337;183.9;181.58;186.3;145.97;183.5;182.37;4430557;3.933;4203860;166209601536;0.0;0.0
268;"VZ";"2023-07-13";"Communication Services";-30.9566;34.62;34.61;51.17;33.72;34.82;34.86;25567304;0.54;21078990;145626218496;0.0;0.0
269;"UPS";"2023-07-13";"Industrials";4.60511;185.39;185.4;209.39;154.87;186.64;186.49;2855140;1.228;3210130;162635972608;0.0;0.0
270;"PM";"2023-07-13";"Consumer Defensive";10.4664;101.0;99.96;105.62;82.85;99.27;99.0;5400307;0.306;3670010;157336190976;0.0;0.0
271;"NEE";"2023-07-13";"Utilities";-8.31149;73.73;73.62;91.35;69.64;73.52;73.47;5962816;0.245;7494250;149146288128;0.0;0.0
272;"RTX";"2023-07-13";"Industrials";7.48224;97.75;97.21;104.91;80.27;96.59;96.82;3278862;0.715;4056660;141978959872;0.0;0.0
273;"MS";"2023-07-13";"Financial Services";14.8347;86.32;86.13;100.99;72.05;86.23;85.77;5914262;1.67;7517300;146673385472;0.0;0.0
274;"INTC";"2023-07-13";"Technology";-9.89128;33.8;33.86;40.73;24.59;34.15;33.98;30035841;1.152;33166230;141271760896;0.0;0.0
275;"HON";"2023-07-13";"Industrials";23.0134;210.6;206.0;220.96;166.63;207.67;208.52;2313042;0.854;2428000;138933452800;0.0;0.0
276;"BMY";"2023-07-13";"Healthcare";-15.8492;62.39;62.26;81.44;62.12;62.4;62.28;8763204;1.188;7800200;130840936448;0.0;0.0
277;"LOW";"2023-07-13";"Consumer Cyclical";27.0722;231.01;228.55;235.07;176.5;232.57;232.11;1880888;0.176;2676710;134688104448;0.0;0.0
278;"QCOM";"2023-07-13";"Technology";-16.3636;123.13;122.8;156.66;101.47;120.0;118.68;9816549;1.318;6084110;137155682304;0.0;0.0
279;"BA";"2023-07-13";"Industrials";47.5433;216.85;216.6;223.91;120.99;218.13;217.11;4223071;0.294;4590910;130455658496;0.0;0.0
280;"AXP";"2023-07-13";"Financial Services";27.733;174.21;174.08;182.15;130.65;175.42;174.33;2076519;1.564;2450320;129502322688;0.0;0.0
281;"SPGI";"2023-07-13";"Financial Services";17.7854;413.37;413.23;413.56;279.32;409.99;406.56;1235123;0.607;1050910;132179222528;0.0;0.0
282;"INTU";"2023-07-13";"Technology";25.5272;486.62;477.67;490.83;352.63;480.15;476.84;1477433;1.13;1449040;134806880256;0.0;0.0
283;"CAT";"2023-07-13";"NULL";0.0;0.0;0.0;0.0;0.0;0.0;0.0;0;0.0;0;0;0.0;0.0
284;"UNP";"2023-07-13";"Industrials";1.65434;212.0;210.54;242.36;183.69;209.43;208.92;2146473;0.489;2061080;129617600512;0.0;0.0
285;"COP";"2023-07-13";"Energy";33.9419;110.69;110.68;138.49;78.3;109.89;109.31;5866638;1.204;5479140;137733144576;0.0;0.0
286;"IBM";"2023-07-13";"Technology";-4.47289;134.18;134.12;153.21;115.55;133.51;132.84;3216126;0.982;3057850;121605382144;0.0;0.0
287;"AMAT";"2023-07-13";"Technology";51.5109;142.75;142.54;146.69;71.12;140.12;138.89;5122872;1.372;5333380;119789903872;0.0;0.0
288;"AMGN";"2023-07-13";"Healthcare";-8.10701;227.57;227.93;296.67;211.71;225.85;225.68;1705988;2.624;2332930;121644892160;0.0;0.0
289;"DE";"2023-07-13";"Industrials";38.5078;413.89;409.01;448.4;288.34;408.21;407.67;997882;1.722;1336380;120076779520;0.0;0.0
290;"GE";"2023-07-13";"Industrials";133.176;111.66;111.25;111.97;46.8384;111.25;111.2;2769030;0.802;4232540;121936175104;0.0;0.0
291;"LMT";"2023-07-13";"Industrials";15.4006;471.0;465.1;508.1;373.67;461.0;461.96;793734;1.072;733670;118112133120;0.0;0.0
292;"ISRG";"2023-07-13";"Healthcare";70.1287;349.14;346.31;349.58;180.07;348.32;347.59;2313835;4.398;1494100;121577603072;0.0;0.0
293;"PLD";"2023-07-13";"Real Estate";6.01879;126.95;125.21;138.86;98.03;125.34;125.24;2412712;0.338;3187790;118591102976;0.0;0.0
294;"T";"2023-07-13";"Communication Services";-25.6272;15.12;15.11;21.53;14.46;15.135;15.12;37533994;0.301;33906310;108092882944;0.0;0.0
295;"NOW";"2023-07-13";"Technology";33.3444;580.0;574.2;579.44;337.0;566.62;561.34;1223651;1.045;993900;117649661952;0.0;0.0
296;"SYK";"2023-07-13";"Healthcare";54.9173;301.0;299.8;306.93;188.84;297.68;298.03;788399;0.848;893840;114173337600;0.0;0.0
297;"SBUX";"2023-07-13";"Consumer Cyclical";29.335;101.74;101.98;115.48;76.81;101.51;101.14;4387296;0.508;6415460;117602000896;0.0;0.0
298;"GS";"2023-07-13";"Financial Services";15.9132;329.57;328.3;389.58;277.84;327.35;326.4;2577118;1.54;2436390;110791778304;0.0;0.0
299;"ELV";"2023-07-13";"Healthcare";-11.2052;417.58;416.77;549.52;412.0;416.26;414.13;1880491;1.304;1538550;99001696256;0.0;0.0
300;"BLK";"2023-07-13";"Financial Services";23.3372;743.45;730.0;785.65;503.12;732.87;726.0;854835;1.042;569900;110794670080;0.0;0.0
301;"SCHW";"2023-07-13";"Financial Services";-3.56612;59.93;59.84;86.63;45.0;58.74;58.41;12488383;0.388;10127560;108603351040;0.0;0.0
302;"MDLZ";"2023-07-13";"Consumer Defensive";17.2799;71.91;71.9;78.59;54.72;71.35;71.4;5119702;0.429;6844200;97821687808;0.0;0.0
303;"BKNG";"2023-07-13";"Consumer Cyclical";66.5842;2834.53;2780.0;2853.02;1616.85;2825.0;2788.47;278179;1.495;279310;104689680384;0.0;0.0
304;"TJX";"2023-07-13";"Consumer Cyclical";45.1064;84.83;84.34;86.43;57.99;85.34;85.25;6151996;0.537;4282450;97616453632;0.0;0.0
305;"GILD";"2023-07-13";"Healthcare";23.5722;76.68;76.69;89.74;59.27;76.7;76.38;3143539;1.014;5038540;95684214784;0.0;0.0
306;"ADI";"2023-07-13";"Technology";27.4542;200.0;196.0;199.44;133.48;196.68;195.4;3204588;1.056;2966320;99416145920;0.0;0.0
307;"MMC";"2023-07-13";"Financial Services";25.2432;186.99;186.96;189.02;146.82;186.37;186.65;895153;1.02;1326710;92295143424;0.0;0.0
308;"ADP";"2023-07-13";"Industrials";6.52936;230.0;224.11;274.92;201.46;225.24;224.99;1133800;0.096;1501140;94732083200;0.0;0.0
309;"AMT";"2023-07-13";"Real Estate";-23.8119;196.89;193.39;282.47;178.17;195.08;195.43;1714588;0.382;1985240;92233515008;0.0;0.0
310;"CVS";"2023-07-13";"Healthcare";-24.087;71.23;71.19;107.26;66.34;70.78;70.47;13048008;0.614;7880310;91306172416;0.0;0.0
311;"VRTX";"2023-07-13";"Healthcare";20.9366;351.99;346.5;354.94;271.61;347.53;346.06;732167;3.953;993530;89890799616;0.0;0.0
312;"C";"2023-07-13";"Financial Services";7.34028;47.78;47.77;54.56;40.01;47.56;47.38;18934434;0.0;0;0;0.0;0.0
313;"UBER";"2023-07-13";"Technology";115.593;45.69;45.62;45.935;20.591;45.21;44.52;21128807;0.858;20022490;92367601664;0.0;0.0
314;"LRCX";"2023-07-13";"Technology";48.4785;638.8;638.09;651.01;299.59;627.0;622.6;1036542;1.943;1121700;85749219328;0.0;0.0
315;"CI";"2023-07-13";"Healthcare";1.4269;270.25;269.88;340.11;240.5;269.13;268.69;1900388;0.591;1247490;79903195136;0.0;0.0
316;"HCA";"2023-07-13";"Healthcare";76.2732;301.81;291.0;304.86;164.47;295.65;295.24;1225395;0.87;1027770;81420845056;0.0;0.0
317;"MO";"2023-07-13";"Consumer Defensive";9.75258;45.59;45.52;48.11;40.35;45.56;45.69;5912987;0.625;7931040;82611019776;0.0;0.0
318;"ABNB";"2023-07-13";"Consumer Cyclical";50.4887;140.7;139.78;144.63;81.91;138.96;137.02;5305781;0.883;4996070;88292417536;0.0;0.0
319;"ZTS";"2023-07-13";"Healthcare";0.626504;171.41;171.38;187.82;124.15;172.41;171.86;1000302;1.721;1433510;79021154304;0.0;0.0
320;"PGR";"2023-07-13";"Financial Services";17.6088;114.79;114.63;149.87;109.42;122.5;132.11;15023759;0.266;1877340;67750965248;0.0;0.0
321;"PANW";"2023-07-13";"Technology";42.4327;238.9;238.9;258.88;132.22;236.29;232.64;9370132;0.653;4740570;73102401536;0.0;0.0
322;"FI";"2023-07-13";"Technology";39.1774;128.6;127.84;128.85;89.26;127.395;127.57;1998442;0.233;2445770;79435448320;0.0;0.0
323;"REGN";"2023-07-13";"Healthcare";19.9646;728.98;712.0;837.55;563.82;722.57;718.42;412948;4.541;828920;80613490688;0.0;0.0
324;"SO";"2023-07-13";"Utilities";-0.37573;71.99;71.48;80.57;60.71;71.51;71.59;3866971;0.321;3868420;78597267456;0.0;0.0
325;"AAPL";"2023-07-14";"Technology";26.8829;190.01;190.0;194.48;124.17;190.23;190.54;21271537;0.764;51027070;2984992833536;191.175;189.725
326;"MSFT";"2023-07-14";"Technology";33.4762;347.14;347.22;351.47;213.43;347.59;342.66;17355203;1.655;23387990;2572233474048;351.43;345.86
327;"GOOG";"2023-07-14";"Communication Services";10.6973;125.35;125.34;129.55;83.45;125.13;124.83;12056005;2.195;21761090;1519972122624;127.09;124.9
328;"AMZN";"2023-07-14";"Consumer Cyclical";18.2739;135.79;135.78;146.57;81.43;134.06;134.3;30849070;0.689;46875540;1391105015808;136.64;134.12
329;"NVDA";"2023-07-14";"Technology";191.695;467.8;467.86;480.4;108.13;465.828;459.77;46919482;2.672;36705960;1142720954368;480.4;462.29
330;"TSLA";"2023-07-14";"Consumer Cyclical";15.7595;284.53;284.57;314.667;101.81;277.01;277.9;77140927;0.932;114820090;891612037120;285.3;276.31
331;"BRK-B";"2023-07-14";"Financial Services";23.3625;341.18;341.1;346.44;259.85;344.99;343.54;1053412;1.287;2887700;745757474816;345.44;341.045
332;"META";"2023-07-14";"Communication Services";90.2914;311.93;311.93;316.24;88.09;311.79;313.41;13112274;1.91;28227430;799200182272;314.88;310.7
333;"V";"2023-07-14";"Financial Services";15.8398;242.55;242.45;244.73;174.6;244.73;243.31;2205958;1.082;5750850;508080488448;244.73;241.96
334;"UNH";"2023-07-14";"Healthcare";-15.479;484.18;484.03;558.1;445.68;462.55;447.75;7270542;0.718;4393980;447612256256;485.0;460.11
335;"LLY";"2023-07-14";"Healthcare";31.0917;448.64;448.37;469.87;296.32;441.1;434.7;1539950;0.789;2618980;426088595456;450.388;441.3
336;"WMT";"2023-07-14";"Consumer Defensive";19.4158;154.06;154.03;159.12;120.06;154.12;154.13;1367766;0.191;5127230;415693701120;154.62;153.58
337;"JPM";"2023-07-14";"Financial Services";31.8017;149.09;149.06;152.89;101.28;151.55;148.87;18213059;0.0;0;0;0.0;0.0
338;"JNJ";"2023-07-14";"Healthcare";-10.896;159.28;159.27;181.04;150.11;159.18;158.81;2131179;0.678;6242800;414653349888;160.17;158.98
339;"XOM";"2023-07-14";"Energy";23.6574;101.36;101.33;119.92;82.9;104.05;104.54;13295713;1.072;15219620;408502697984;104.05;101.02
340;"MA";"2023-07-14";"Financial Services";20.4438;402.55;402.36;403.24;276.87;402.12;400.56;826282;0.768;2471130;381458579456;403.24;400.295
341;"PG";"2023-07-14";"Consumer Defensive";2.67457;149.39;149.38;158.11;122.18;149.27;148.95;2979008;0.344;6679770;352767705088;149.68;148.74
342;"AVGO";"2023-07-14";"Technology";80.0671;891.47;890.6;921.78;415.07;886.16;890.36;1041364;1.942;2235710;366220771328;903.22;886.16
343;"ORCL";"2023-07-14";"Technology";66.0305;118.81;118.75;127.54;60.78;118.18;117.45;4331573;0.775;8408790;321965522944;119.97;117.7
344;"HD";"2023-07-14";"Consumer Cyclical";7.58866;315.35;315.29;347.25;265.61;314.84;314.6;1176351;0.215;3296350;317101867008;316.88;314.275
345;"MRK";"2023-07-14";"Healthcare";11.9629;107.19;107.17;119.65;84.52;106.26;106.32;2502039;0.95;7181520;272191176704;107.66;106.26
346;"CVX";"2023-07-14";"Energy";14.4279;153.98;153.99;189.68;136.43;157.01;157.51;3191671;1.028;6221010;287222300672;156.63;153.57
347;"KO";"2023-07-14";"Consumer Defensive";-3.44;60.72;60.71;65.47;54.02;60.14;60.35;5050880;0.809;14541570;262761463808;60.78;60.09
348;"PEP";"2023-07-14";"Consumer Defensive";9.58977;187.86;187.84;196.88;160.98;187.86;187.53;1690178;0.0;0;0;0.0;0.0
349;"ABBV";"2023-07-14";"Healthcare";-13.0387;135.81;135.8;168.11;130.96;134.73;133.59;1968010;0.659;5607370;242556272640;136.065;134.12
350;"COST";"2023-07-14";"Consumer Defensive";2.96396;544.01;543.71;564.75;447.9;538.71;538.45;872020;0.511;1723740;241240915968;545.0;538.1
351;"BAC";"2023-07-14";"Financial Services";-8.0;29.25;29.24;38.6;26.32;30.0;29.67;29629313;0.0;0;0;0.0;0.0
352;"ADBE";"2023-07-14";"Technology";36.1765;519.26;518.55;523.785;274.73;517.34;517.28;1176443;1.033;2537970;239979708416;523.785;517.13
353;"MCD";"2023-07-14";"Consumer Cyclical";15.768;295.21;295.06;299.1;230.58;295.25;295.22;637075;1.251;2054830;215808491520;295.63;294.03
354;"CSCO";"2023-07-14";"Technology";19.6424;50.3;50.29;52.56;38.6;50.42;51.53;10032690;1.107;16247700;204690259968;50.97;50.055
355;"CRM";"2023-07-14";"Technology";37.6329;229.58;229.56;232.07;126.34;229.7;230.37;2377842;0.86;5313360;223026626560;232.07;228.8
356;"PFE";"2023-07-14";"Healthcare";-30.3188;36.24;36.23;54.93;35.35;36.3;36.06;8141968;0.969;22053450;204727156736;36.365;36.005
357;"TMO";"2023-07-14";"Healthcare";-2.26771;527.94;527.51;611.06;475.77;529.67;526.65;338210;0.805;1227070;203747459072;530.13;525.31
358;"NFLX";"2023-07-14";"Communication Services";138.158;447.18;446.49;456.48;174.56;452.785;450.38;4134734;1.065;5268120;198478659584;456.48;445.96
359;"ABT";"2023-07-14";"Healthcare";-0.992465;108.25;108.23;115.69;93.25;108.0;107.74;1657804;1.07;4442320;188319596544;108.43;107.18
360;"AMD";"2023-07-14";"Technology";42.917;117.98;117.97;132.83;54.57;116.17;115.92;63774014;1.518;48881550;188468494336;122.12;115.68
361;"DHR";"2023-07-14";"Healthcare";-6.6346;240.08;239.99;303.82;221.22;239.83;238.81;1416822;1.349;2437890;177261789184;241.17;239.04
362;"CMCSA";"2023-07-14";"Communication Services";4.05868;42.17;42.16;43.72;28.39;41.93;42.56;5157992;0.55;14577260;175987163136;42.265;41.8
363;"TMUS";"2023-07-14";"Communication Services";2.41683;140.12;140.08;154.38;124.92;138.97;140.69;1807825;0.603;3623920;170097262592;140.33;138.47
364;"NKE";"2023-07-14";"Consumer Cyclical";2.99904;107.72;107.74;131.31;82.22;107.94;107.84;3646026;1.6;9143160;165426397184;108.635;107.19
365;"DIS";"2023-07-14";"Communication Services";-4.96849;88.73;88.71;126.48;84.07;90.41;90.47;10356179;0.826;12460470;162300788736;90.49;88.675
366;"WFC";"2023-07-14";"Financial Services";6.27279;43.58;43.57;48.84;35.25;44.75;43.71;21277818;0.0;0;0;0.0;0.0
367;"TXN";"2023-07-14";"Technology";14.065;181.9;181.87;186.3;145.97;181.61;183.12;1615070;3.933;4305450;164435132416;183.03;181.0
368;"VZ";"2023-07-14";"Communication Services";-32.1051;34.14;34.13;51.17;33.72;34.43;34.64;17563782;0.54;21968830;143717613568;34.5;33.945
369;"UPS";"2023-07-14";"Industrials";1.51706;184.78;184.7;209.39;154.87;184.78;185.36;1068663;1.228;3221240;161890172928;185.665;183.9
370;"PM";"2023-07-14";"Consumer Defensive";11.4327;100.11;100.07;105.62;82.85;100.37;100.49;864238;0.306;3912970;155483865088;100.65;99.7501
371;"NEE";"2023-07-14";"Utilities";-6.35243;73.48;73.47;91.35;69.64;73.48;73.71;3049614;0.245;7226670;148903477248;73.63;72.79
372;"RTX";"2023-07-14";"Industrials";6.51102;95.92;95.91;104.91;80.27;97.09;97.17;1363261;0.715;3989960;140079497216;97.15;95.865
373;"MS";"2023-07-14";"Financial Services";10.4548;85.96;85.94;100.99;74.67;87.41;86.21;4011833;1.67;7641750;143295447040;87.41;85.56
374;"INTC";"2023-07-14";"Technology";-12.2993;33.41;33.4;40.73;24.59;33.78;33.87;12327054;1.152;33049990;138810884096;33.87;33.2701
375;"HON";"2023-07-14";"Industrials";20.7813;206.15;206.08;220.96;166.63;207.91;208.71;827913;0.854;2463190;137429016576;207.84;205.5
376;"BMY";"2023-07-14";"Healthcare";-17.6735;62.17;62.16;81.44;61.58;62.02;62.28;4024902;1.188;7756790;130756911104;62.34;61.58
377;"LOW";"2023-07-14";"Consumer Cyclical";24.0757;229.78;229.7;235.07;176.5;229.95;229.54;478976;0.176;2527730;134776127488;230.86;229.171
378;"QCOM";"2023-07-14";"Technology";-14.7191;122.02;122.02;156.66;101.47;123.0;123.12;3273331;1.318;6427910;135785570304;123.18;121.13
379;"BA";"2023-07-14";"Industrials";46.7781;213.59;213.55;223.91;120.99;217.0;216.85;2500237;0.294;4592230;128551608320;217.016;213.14
380;"AXP";"2023-07-14";"Financial Services";22.2908;173.12;173.06;182.15;130.65;175.36;174.24;652449;1.564;2429420;128606715904;175.66;172.52
381;"SPGI";"2023-07-14";"Financial Services";17.9081;415.4;415.12;416.04;279.32;412.62;412.03;490044;0.607;1102470;133334106112;416.04;412.29
382;"INTU";"2023-07-14";"Technology";22.4934;485.52;484.68;490.83;352.63;479.0;481.35;509730;1.13;1447260;135836098560;486.48;478.433
383;"CAT";"2023-07-14";"NULL";0.0;0.0;0.0;0.0;0.0;0.0;0.0;0;0.0;0;0;0.0;0.0
384;"UNP";"2023-07-14";"Industrials";0.707698;210.93;210.81;242.36;183.69;210.37;210.61;651892;0.489;2032690;128401768448;211.66;209.87
385;"COP";"2023-07-14";"Energy";33.3695;107.18;107.16;138.49;81.82;110.07;110.55;2119591;1.204;5538130;129415913472;110.23;106.45
386;"IBM";"2023-07-14";"Technology";-4.28817;133.12;133.11;153.21;115.55;133.91;133.92;1203180;0.982;3104620;120842633216;133.93;132.94
387;"AMAT";"2023-07-14";"Technology";51.0003;143.89;143.87;146.69;71.12;144.57;142.65;3047679;1.372;5211870;120554078208;145.39;143.345
388;"AMGN";"2023-07-14";"Healthcare";-8.45631;227.27;227.2;296.67;211.71;227.84;227.66;681471;2.624;2286950;121746415616;228.408;225.98
389;"DE";"2023-07-14";"Industrials";37.5714;411.89;411.65;448.4;293.19;413.18;409.55;435448;1.722;1268740;120833957888;413.94;409.08
390;"GE";"2023-07-14";"Industrials";126.773;110.5;110.47;111.97;47.6112;111.0;111.28;1102111;0.802;4030560;120443224064;111.21;110.03
391;"LMT";"2023-07-14";"Industrials";17.0691;464.45;464.22;508.1;373.67;466.0;466.38;416404;1.072;730950;117580300288;466.46;463.075
392;"ISRG";"2023-07-14";"Healthcare";64.5031;353.26;352.84;354.39;180.07;347.5;346.97;941488;4.398;1616600;123504787456;354.39;346.4
393;"PLD";"2023-07-14";"Real Estate";4.90868;126.91;126.89;138.86;98.03;126.46;126.95;916829;0.338;3141440;117118574592;127.53;125.82
394;"T";"2023-07-14";"Communication Services";-26.4949;14.54;14.53;21.53;14.29;14.8;15.12;68178400;0.301;35342990;103691247616;14.81;14.29
395;"NOW";"2023-07-14";"Technology";32.5582;581.38;580.77;584.263;337.0;577.0;577.45;410731;1.045;1029130;118350528512;584.263;576.0
396;"SYK";"2023-07-14";"Healthcare";53.8509;302.74;302.51;306.93;188.84;299.64;299.64;435589;0.848;845570;115396452352;304.85;299.75
397;"SBUX";"2023-07-14";"Consumer Cyclical";27.6061;101.68;101.63;115.48;78.61;101.77;101.6;1749074;0.508;6208190;117694603264;102.08;100.985
398;"GS";"2023-07-14";"Financial Services";11.8454;326.54;326.36;389.58;285.15;331.99;328.68;865019;1.54;2472740;108356435968;332.475;325.21
399;"ELV";"2023-07-14";"Healthcare";-14.5811;440.89;440.77;549.52;412.0;435.19;417.63;1455125;1.304;1592090;104200331264;443.54;435.19
400;"BLK";"2023-07-14";"Financial Services";23.224;729.35;728.78;785.65;503.12;743.0;739.8;582380;1.042;625680;108997517312;744.0;722.54
401;"SCHW";"2023-07-14";"Financial Services";-3.61853;59.19;59.19;86.63;45.0;60.26;59.93;6157620;0.388;10395400;107144552448;60.26;58.955
402;"MDLZ";"2023-07-14";"Consumer Defensive";18.2582;71.94;71.93;78.59;54.72;71.97;71.83;1895917;0.429;6773800;98175762432;72.0979;71.6
403;"BKNG";"2023-07-14";"Consumer Cyclical";66.8755;2853.74;2847.78;2855.33;1616.85;2844.79;2834.53;106378;1.495;286200;105375170560;2855.33;2828.05
404;"TJX";"2023-07-14";"Consumer Cyclical";40.2576;84.55;84.56;86.43;59.39;84.66;84.94;1433753;0.537;4532020;97352122368;84.92;84.0
405;"GILD";"2023-07-14";"Healthcare";22.5399;77.23;77.22;89.74;59.27;76.61;76.71;3026075;1.014;4923960;96314130432;77.48;76.46
406;"ADI";"2023-07-14";"Technology";25.5112;193.64;193.5;199.44;133.48;197.375;198.27;1252672;1.056;2919120;96828825600;197.385;192.905
407;"MMC";"2023-07-14";"Financial Services";23.566;186.88;186.81;189.02;147.61;187.02;186.56;355925;1.02;1328240;92488589312;187.41;185.55
408;"ADP";"2023-07-14";"Industrials";6.08509;228.46;228.23;274.92;201.46;227.2;227.16;425535;0.096;1447790;94338703360;228.89;226.62
409;"AMT";"2023-07-14";"Real Estate";-23.4681;195.49;195.37;282.47;178.17;196.1;196.84;584215;0.382;1900210;90950623232;196.63;194.6
410;"CVS";"2023-07-14";"Healthcare";-25.3224;71.58;71.55;107.26;66.34;72.0;71.22;5582174;0.614;8299810;91807449088;72.3;71.31
411;"VRTX";"2023-07-14";"Healthcare";19.1845;350.64;350.36;354.94;271.61;348.84;349.02;327900;3.953;964650;90478010368;351.68;348.215
412;"C";"2023-07-14";"Financial Services";-4.60184;46.14;46.14;54.56;40.01;48.48;47.68;18283181;0.0;0;0;0.0;0.0
413;"UBER";"2023-07-14";"Technology";110.614;45.32;45.31;46.4;20.765;45.905;45.64;12508170;0.858;19321930;90500620288;46.4;44.675
414;"LRCX";"2023-07-14";"Technology";49.4393;641.4;640.48;651.01;299.59;642.12;638.3;468234;1.943;1112510;85815042048;647.18;638.67
415;"CI";"2023-07-14";"Healthcare";-1.47751;281.9;281.54;340.11;240.5;277.94;270.06;1156484;0.591;1361200;83360456704;284.9;277.94
416;"HCA";"2023-07-14";"Healthcare";72.4725;295.35;295.24;304.86;167.64;296.01;295.98;381035;0.87;1031410;81330061312;299.99;295.165
417;"MO";"2023-07-14";"Consumer Defensive";8.54965;45.45;45.44;48.11;40.35;45.67;45.58;2050643;0.625;7797120;81326424064;45.68;45.35
418;"ABNB";"2023-07-14";"Consumer Cyclical";47.9928;140.34;140.16;144.63;81.91;140.25;140.09;2039692;0.883;4936290;88462589952;142.035;139.69
419;"ZTS";"2023-07-14";"Healthcare";-2.02819;172.67;172.57;187.82;124.15;171.66;171.0;1085810;1.721;1364980;79917654016;173.05;171.22
420;"PGR";"2023-07-14";"Financial Services";-1.11992;116.11;116.11;149.87;109.42;114.2;114.78;6245984;0.0;0;0;0.0;0.0
421;"PANW";"2023-07-14";"Technology";40.8814;239.71;239.52;258.88;132.22;238.5;239.01;3026148;0.653;5287680;73128402944;242.83;238.08
422;"FI";"2023-07-14";"Technology";36.661;127.64;127.64;128.85;91.55;128.48;128.68;761340;0.233;2388360;78762582016;128.65;127.54
423;"REGN";"2023-07-14";"Healthcare";18.672;719.18;718.44;837.55;563.82;721.12;720.98;213671;4.541;687390;80322789376;721.35;715.22
424;"SO";"2023-07-14";"Utilities";-1.17517;71.27;71.27;80.57;60.71;71.29;71.48;992871;0.321;3883980;78487306240;71.43;71.015
425;"AAPL";"2023-07-16";"Technology";29.6593;190.73;190.72;194.48;124.17;190.23;190.54;41616242;0.764;50554710;2999305895936;191.175;189.63
426;"MSFT";"2023-07-16";"Technology";35.7876;347.0;346.85;351.47;213.43;347.59;342.66;28352729;1.655;24520570;2567028342784;351.43;344.31
427;"GOOG";"2023-07-16";"Communication Services";14.3663;125.95;125.9;129.55;83.45;125.13;124.83;20499780;2.195;21962430;1594102120448;127.09;124.9
428;"AMZN";"2023-07-16";"Consumer Cyclical";18.3896;134.55;134.5;146.57;81.43;134.06;134.3;54487090;0.689;48246190;1381870600192;136.64;134.12
429;"NVDA";"2023-07-16";"Technology";182.399;456.6;456.5;480.88;108.13;465.828;459.77;77207533;2.672;40634930;1123084402688;480.4;450.6
430;"TSLA";"2023-07-16";"Consumer Cyclical";16.9752;281.77;281.75;314.667;101.81;277.01;277.9;120062369;0.932;113694100;891833876480;285.3;276.31
431;"BRK-B";"2023-07-16";"Financial Services";23.467;341.5;341.1;346.44;259.85;344.99;343.54;2675172;1.287;2904740;745111093248;345.44;340.51
432;"META";"2023-07-16";"Communication Services";84.6977;309.5;309.22;316.24;88.09;311.79;313.41;23054108;1.91;28949580;791550427136;314.88;307.361
433;"V";"2023-07-16";"Financial Services";17.3496;243.75;243.16;244.74;174.6;244.73;243.31;4941178;1.082;5533090;509274324992;244.73;241.96
434;"UNH";"2023-07-16";"Healthcare";-7.54761;480.55;478.3;558.1;445.68;462.55;447.75;11379333;0.569;5234800;447053660160;485.0;460.11
435;"LLY";"2023-07-16";"Healthcare";39.6836;450.0;449.0;469.87;296.32;441.1;434.7;2955014;0.789;2703330;426660233216;450.45;441.3
436;"WMT";"2023-07-16";"Consumer Defensive";20.1056;154.79;154.36;159.12;120.06;154.12;154.13;3475822;0.191;4757420;416474628096;154.665;153.58
437;"JPM";"2023-07-16";"Financial Services";33.9744;149.73;149.63;152.89;101.28;151.55;148.87;27028429;0.0;0;0;0.0;0.0
438;"JNJ";"2023-07-16";"Healthcare";-8.24198;160.47;159.87;181.04;150.11;159.18;158.81;5362237;0.678;6324250;415458951168;160.225;158.98
439;"XOM";"2023-07-16";"Energy";17.2358;101.05;101.0;119.92;83.89;104.05;104.54;28181920;1.072;16900800;408098406400;104.05;100.53
440;"MA";"2023-07-16";"Financial Services";21.6006;403.15;401.62;403.49;276.87;402.12;400.56;1978498;0.768;2416580;381430169600;403.49;400.295
441;"PG";"2023-07-16";"Consumer Defensive";4.70309;150.0;149.8;158.11;122.18;149.27;148.95;6128878;0.344;6558730;353663352832;150.63;148.74
442;"AVGO";"2023-07-16";"Technology";80.9514;889.92;888.6;921.78;415.07;886.16;890.36;1851036;1.942;2186950;366703640576;903.22;886.16
443;"ORCL";"2023-07-16";"Technology";69.8761;119.66;119.2;127.54;60.78;118.18;117.45;7723843;0.775;8257710;323729784832;119.97;117.7
444;"HD";"2023-07-16";"Consumer Cyclical";8.00204;317.5;316.51;347.25;265.61;314.84;314.6;2942129;0.215;3262620;318202773504;316.9;314.275
445;"MRK";"2023-07-16";"Healthcare";16.2443;109.33;107.34;119.65;84.52;106.26;106.32;7209939;0.95;7274340;272368795648;107.678;106.26
446;"CVX";"2023-07-16";"Energy";10.0301;157.0;153.58;189.68;139.08;157.01;157.51;7065664;1.028;6363080;287110135808;156.63;153.31
447;"KO";"2023-07-16";"Consumer Defensive";-1.21654;61.0;60.9;65.47;54.02;60.14;60.35;11634211;0.809;13991090;263366918144;61.04;60.09
448;"PEP";"2023-07-16";"Consumer Defensive";11.8567;188.68;187.9;196.88;160.98;187.86;187.53;4467604;0.605;5539740;259086123008;188.625;187.14
449;"ABBV";"2023-07-16";"Healthcare";-9.06599;136.0;135.9;168.11;130.96;134.73;133.59;5544137;0.659;5666950;239961079808;136.615;134.12
450;"COST";"2023-07-16";"Consumer Defensive";5.88804;546.67;546.01;564.75;447.9;538.71;538.45;1828704;0.511;1794730;242269011968;546.86;538.1
451;"BAC";"2023-07-16";"Financial Services";-9.76441;29.14;29.1;38.6;26.32;30.0;29.67;58720333;0.0;0;0;0.0;0.0
452;"ADBE";"2023-07-16";"Technology";37.2038;514.5;514.17;523.79;274.73;517.34;517.28;2303710;1.033;2577630;234659528704;523.785;512.67
453;"MCD";"2023-07-16";"Consumer Cyclical";16.8449;295.25;294.94;299.1;230.58;295.25;295.22;1550122;1.251;2035430;215333928960;296.05;294.03
454;"CSCO";"2023-07-16";"Technology";18.2629;50.4;50.25;52.56;38.6;50.42;51.53;19566594;1.107;16779710;205301530624;50.97;50.055
455;"CRM";"2023-07-16";"Technology";36.5954;230.5;229.33;232.2;126.34;229.7;230.37;4278735;0.86;5357390;223367413760;232.07;228.15
456;"PFE";"2023-07-16";"Healthcare";-28.4335;36.32;36.26;54.93;35.35;36.3;36.06;17915147;0.969;21217250;205037649920;36.49;36.005
457;"TMO";"2023-07-16";"Healthcare";1.65143;531.0;528.4;611.06;475.77;529.67;526.65;953034;0.805;1222450;204185255936;531.925;525.31
458;"NFLX";"2023-07-16";"Communication Services";131.463;442.91;442.51;456.48;188.4;452.785;450.38;7195860;1.065;5494400;196447109120;456.48;439.7
459;"ABT";"2023-07-16";"Healthcare";0.850308;107.92;107.7;115.69;93.25;108.0;107.74;4016006;1.07;4502140;187684880384;108.46;107.18
460;"AMD";"2023-07-16";"Technology";42.38;116.03;116.0;132.83;54.57;116.17;115.92;91927197;1.518;52244740;186705149952;122.12;115.25
461;"DHR";"2023-07-16";"Healthcare";-2.64308;247.92;240.7;303.82;221.22;239.83;238.81;2909798;1.349;2538040;177486839808;241.93;239.04
462;"CMCSA";"2023-07-16";"Communication Services";3.62605;42.32;41.89;43.72;28.39;41.93;42.56;12903169;0.55;14752070;175132540928;42.2653;41.8
463;"TMUS";"2023-07-16";"Communication Services";3.87447;141.0;139.69;154.38;124.92;138.97;140.69;4053267;0.603;3721970;167600635904;140.33;138.47
464;"NKE";"2023-07-16";"Consumer Cyclical";3.85799;108.2;107.89;131.31;82.22;107.94;107.84;6933557;1.6;8589900;165918064640;108.635;107.19
465;"DIS";"2023-07-16";"Communication Services";-7.39812;88.55;88.45;126.48;84.07;90.41;90.47;17769989;0.826;12895980;161935327232;90.49;88.435
466;"WFC";"2023-07-16";"Financial Services";5.75383;43.62;43.36;48.84;35.25;44.75;43.71;30897627;0.0;0;0;0.0;0.0
467;"TXN";"2023-07-16";"Technology";13.2649;180.99;180.51;186.3;145.97;181.61;183.12;3701290;3.933;4305080;164149231616;183.03;180.325
468;"VZ";"2023-07-16";"Communication Services";-32.3588;34.07;34.05;51.17;33.72;34.43;34.64;31576021;0.54;23450930;142977695744;34.5;33.945
469;"UPS";"2023-07-16";"Industrials";2.8765;185.24;184.5;209.39;154.87;184.78;185.36;2213650;1.228;3212430;159117213696;185.665;183.9
470;"PM";"2023-07-16";"Consumer Defensive";11.1608;99.89;99.09;105.62;82.85;100.37;100.49;2938467;0.306;3892500;154443890688;100.65;99.49
471;"NEE";"2023-07-16";"Utilities";-5.56057;74.08;72.85;91.35;69.64;73.48;73.71;6463743;0.245;7153730;148114341888;73.75;72.79
472;"RTX";"2023-07-16";"Industrials";7.09354;96.95;96.0;104.91;80.27;97.09;97.17;3454627;0.715;3929330;140517834752;97.15;95.73
473;"MS";"2023-07-16";"Financial Services";8.77504;86.48;85.62;100.99;74.67;87.41;86.21;7732694;1.67;7508490;143262023680;87.41;85.56
474;"INTC";"2023-07-16";"Technology";-14.3632;33.17;33.16;40.73;24.59;33.78;33.87;30438659;1.152;32264410;138268655616;33.87;33.0
475;"HON";"2023-07-16";"Industrials";20.585;206.08;205.76;220.96;166.63;207.91;208.71;2161287;0.854;2424940;137222651904;207.84;205.5
476;"BMY";"2023-07-16";"Healthcare";-16.0022;62.02;61.95;81.44;61.57;62.02;62.28;9234522;1.188;7977770;130126651392;62.34;61.58
477;"LOW";"2023-07-16";"Consumer Cyclical";23.1175;242.0;228.2;235.07;176.5;229.95;229.54;1536023;0.176;2375500;134037299200;230.86;228.485
478;"QCOM";"2023-07-16";"Technology";-13.5013;122.9;122.21;156.66;101.47;123.0;123.12;7892158;1.318;6703320;136531836928;123.18;121.13
479;"BA";"2023-07-16";"Industrials";44.2729;213.39;213.25;223.91;120.99;217.0;216.85;4294849;0.294;4677230;128211705856;217.016;212.82
480;"AXP";"2023-07-16";"Financial Services";21.8225;174.0;173.01;182.15;130.65;175.36;174.24;1829557;1.564;2322490;128870563840;175.66;172.52
481;"SPGI";"2023-07-16";"Financial Services";20.4598;416.96;415.12;417.36;279.32;412.62;412.03;1282643;0.607;1131570;133459214336;417.36;412.29
482;"INTU";"2023-07-16";"Technology";24.6594;484.4;482.88;490.83;352.63;479.0;481.35;1158078;1.13;1449760;135546232832;486.48;478.433
483;"CAT";"2023-07-16";"NULL";0.0;0.0;0.0;0.0;0.0;0.0;0.0;0;0.0;0;0;0.0;0.0
484;"UNP";"2023-07-16";"Industrials";0.366282;212.67;210.5;242.36;183.69;210.37;210.61;1603021;0.489;1997250;128639549440;211.66;209.87
485;"COP";"2023-07-16";"Energy";25.8846;107.4;107.09;138.49;84.65;110.07;110.55;4738178;1.204;5586140;129585324032;110.23;106.45
486;"IBM";"2023-07-16";"Technology";-3.42431;134.76;133.4;153.21;115.55;133.91;133.92;2861496;0.982;3026740;121133195264;133.93;132.94
487;"AMAT";"2023-07-16";"Technology";53.2532;143.85;142.38;146.69;71.12;144.57;142.65;6058757;1.372;5426120;119865491456;145.39;142.38
488;"AMGN";"2023-07-16";"Healthcare";-6.72982;228.39;226.8;296.67;211.71;227.84;227.66;2044668;2.624;2305320;121521987584;228.66;225.98
489;"DE";"2023-07-16";"Industrials";39.1542;415.0;414.01;448.4;296.95;413.18;409.55;984373;1.722;1180000;121560334336;414.92;409.08
490;"GE";"2023-07-16";"Industrials";121.842;110.56;110.0;111.97;48.306;111.0;111.28;2717867;0.802;3977440;120236072960;111.21;110.03
491;"LMT";"2023-07-16";"Industrials";19.89;464.62;463.66;508.1;373.67;466.0;466.38;933202;1.072;755820;117587894272;466.46;462.36
492;"ISRG";"2023-07-16";"Healthcare";71.628;356.56;354.0;355.38;180.07;347.5;346.97;2072816;4.398;1656000;124040896512;355.31;346.4
493;"PLD";"2023-07-16";"Real Estate";7.17282;128.01;127.32;138.86;98.03;126.46;126.95;2655387;0.338;3114470;117972779008;127.865;125.82
494;"T";"2023-07-16";"Communication Services";-29.3716;14.52;14.5;21.53;14.29;14.8;15.12;101745447;0.301;42769010;103660503040;14.81;14.29
495;"NOW";"2023-07-16";"Technology";36.0032;585.0;579.76;584.263;337.0;577.0;577.45;916484;1.045;1049810;118246621184;584.263;576.0
496;"SYK";"2023-07-16";"Healthcare";59.7876;303.19;301.63;306.93;188.84;299.64;299.64;1310997;0.848;908200;114804842496;304.85;299.75
497;"SBUX";"2023-07-16";"Consumer Cyclical";26.6484;101.59;101.49;115.48;80.0;101.77;101.6;3939769;0.508;6090630;116485701632;102.08;100.985
498;"GS";"2023-07-16";"Financial Services";8.27525;326.6;325.61;389.58;287.75;331.99;328.68;1815195;1.54;2298940;108441214976;332.475;325.21
499;"ELV";"2023-07-16";"Healthcare";-8.75;438.5;420.11;549.52;412.0;435.19;417.63;2512881;1.304;1705330;104003584000;443.54;435.19
500;"BLK";"2023-07-16";"Financial Services";21.8399;729.0;725.01;785.65;503.12;743.0;739.8;1064180;1.042;679840;109031964672;744.0;722.54
501;"SCHW";"2023-07-16";"Financial Services";-4.44154;58.59;58.4;86.63;45.0;60.26;59.93;12775204;0.388;10158280;106508738560;60.26;58.48
502;"MDLZ";"2023-07-16";"Consumer Defensive";20.3463;72.39;72.29;78.59;54.72;71.97;71.83;4556767;0.429;6584030;98434514944;72.335;71.6
503;"BKNG";"2023-07-16";"Consumer Cyclical";64.8802;2950.38;2863.45;2867.76;1616.85;2844.79;2834.53;238645;1.495;287660;105885958144;2867.76;2828.05
504;"TJX";"2023-07-16";"Consumer Cyclical";40.3868;85.0;84.47;86.43;59.78;84.66;84.94;3865235;0.537;4504620;97593466880;84.94;84.0
505;"GILD";"2023-07-16";"Healthcare";26.7488;77.68;77.19;89.74;59.27;76.61;76.71;6072293;1.014;5001610;96282951680;77.635;76.46
506;"ADI";"2023-07-16";"Technology";23.6522;194.43;191.97;199.44;133.48;197.375;198.27;2922341;1.056;2949010;96257212416;197.385;191.495
507;"MMC";"2023-07-16";"Financial Services";25.8645;187.31;186.16;189.02;147.61;187.02;186.56;2248142;1.02;1419900;92374302720;187.41;185.55
508;"ADP";"2023-07-16";"Industrials";8.59401;229.79;229.41;274.92;201.46;227.2;227.16;1185648;0.096;1412370;94799339520;229.67;226.62
509;"AMT";"2023-07-16";"Real Estate";-22.1785;194.48;193.71;282.47;178.17;196.1;196.84;1712215;0.382;1804010;90398359552;196.63;193.69
510;"CVS";"2023-07-16";"Healthcare";-24.2974;71.5;71.38;107.26;66.34;72.0;71.22;9700216;0.614;8675620;91511291904;72.3;71.31
511;"VRTX";"2023-07-16";"Healthcare";23.3098;355.0;352.0;354.94;271.61;348.84;349.02;961397;3.953;955700;90848886784;353.4;348.215
512;"C";"2023-07-16";"Financial Services";-8.62792;45.89;45.75;54.56;40.01;48.48;47.68;38634533;0.0;0;0;0.0;0.0
513;"UBER";"2023-07-16";"Technology";98.1842;45.01;44.77;46.4;22.11;45.905;45.64;22054795;0.858;18666980;90566393856;46.4;44.56
514;"LRCX";"2023-07-16";"Technology";50.9027;647.5;638.75;651.01;299.59;642.12;638.3;919115;1.943;1064160;85784150016;647.18;636.09
515;"CI";"2023-07-16";"Healthcare";5.36985;287.57;279.84;340.11;240.5;277.94;270.06;2063798;0.591;1451130;83660767232;284.9;277.94
516;"HCA";"2023-07-16";"Healthcare";72.7299;301.48;291.66;304.86;171.22;296.01;295.98;1214553;0.87;1057430;81580392448;299.99;295.165
517;"MO";"2023-07-16";"Consumer Defensive";7.6177;46.0;45.48;48.11;40.35;45.67;45.58;4860620;0.625;7645350;81201471488;45.68;45.35
518;"ABNB";"2023-07-16";"Consumer Cyclical";46.7595;143.85;143.5;144.63;81.91;140.25;140.09;6728498;0.883;5162360;88292417536;143.57;139.69
519;"ZTS";"2023-07-16";"Healthcare";0.250351;172.44;171.75;187.82;124.15;171.66;171.0;2455886;1.721;1467670;79571066880;173.37;171.22
520;"PGR";"2023-07-16";"Financial Services";5.89355;117.22;115.7;149.87;109.42;114.2;114.78;10076724;0.232;4038930;68357185536;117.36;111.41
521;"PANW";"2023-07-16";"Technology";43.0848;241.5;241.2;258.88;132.22;238.5;239.01;5733315;0.653;5595630;73790578688;242.83;238.08
522;"FI";"2023-07-16";"Technology";36.2137;130.52;125.29;128.85;91.55;128.48;128.68;1829522;0.233;2315150;79015682048;128.65;127.54
523;"REGN";"2023-07-16";"Healthcare";22.468;721.0;716.0;837.55;563.82;721.12;720.98;621537;4.541;658050;78828830720;721.35;715.22
524;"SO";"2023-07-16";"Utilities";-0.43242;71.6;70.7;80.57;60.71;71.29;71.48;2810435;0.321;3627410;77832749056;71.67;71.015
525;"AAPL";"2023-07-17";"Technology";29.6593;193.94;193.76;194.48;124.17;191.9;190.69;49798987;0.764;50554710;3051210670080;194.32;191.81
526;"MSFT";"2023-07-17";"Technology";35.7876;345.06;344.92;351.47;213.43;345.678;345.24;20023516;1.655;24520570;2570671882240;346.96;342.2
527;"GOOG";"2023-07-17";"Communication Services";14.3663;124.9;124.81;129.55;83.45;126.06;125.7;19245423;2.195;21962430;1585985880064;127.28;124.5
528;"AMZN";"2023-07-17";"Consumer Cyclical";18.3896;133.49;133.46;146.57;81.43;134.56;134.68;45910246;0.689;48246190;1370378993664;135.61;133.21
529;"NVDA";"2023-07-17";"Technology";182.399;464.27;463.43;480.88;108.13;462.89;454.69;50053170;2.672;40634930;1147586740224;464.96;452.63
530;"TSLA";"2023-07-17";"Consumer Cyclical";16.9752;290.26;290.37;314.667;101.81;286.625;281.38;130759947;0.932;113694100;920359403520;292.23;283.57
531;"BRK-B";"2023-07-17";"Financial Services";23.467;344.78;344.0;346.44;259.85;341.09;341.09;2351551;1.287;2904740;752014131200;345.72;341.09
532;"META";"2023-07-17";"Communication Services";84.6977;310.73;310.45;316.24;88.09;307.54;308.87;25263928;1.91;28949580;796035186688;311.41;304.71
533;"V";"2023-07-17";"Financial Services";17.3496;244.36;243.5;245.37;174.6;243.11;243.16;4326578;1.082;5533090;511012667392;245.37;243.0
534;"UNH";"2023-07-17";"Healthcare";-7.54761;484.38;483.56;558.1;445.68;481.11;480.17;4560719;0.569;5234800;450693955584;484.6;478.3
535;"LLY";"2023-07-17";"Healthcare";39.6836;448.01;447.04;469.87;296.32;449.45;449.46;2346069;0.789;2703330;424457961472;450.62;443.26
536;"WMT";"2023-07-17";"Consumer Defensive";20.1056;154.99;154.95;159.12;120.06;154.4;154.66;3367025;0.191;4757420;416986267648;154.98;153.82
537;"JPM";"2023-07-17";"Financial Services";33.9744;153.34;153.05;153.75;101.28;150.35;149.77;17095332;0.0;0;0;0.0;0.0
538;"JNJ";"2023-07-17";"Healthcare";-8.24198;159.07;159.37;181.04;150.11;159.75;159.87;5443557;0.678;6324250;413379985408;159.87;158.15
539;"XOM";"2023-07-17";"Energy";17.2358;101.37;101.36;119.92;83.89;100.72;100.94;17967294;1.072;16900800;409877315584;101.665;100.22
540;"MA";"2023-07-17";"Financial Services";21.6006;402.2;401.0;404.0;276.87;401.95;402.51;2343991;0.768;2416580;381136404480;404.0;401.12
541;"PG";"2023-07-17";"Consumer Defensive";4.70309;148.99;148.5;158.11;122.18;149.65;150.05;4432253;0.344;6558730;351164956672;150.16;148.97
542;"AVGO";"2023-07-17";"Technology";80.9514;911.29;912.44;921.78;415.07;891.01;888.58;2667935;1.942;2186950;375687774208;913.21;889.78
543;"ORCL";"2023-07-17";"Technology";69.8761;118.87;118.91;127.54;60.78;118.85;119.27;6728205;0.775;8257710;322698379264;119.97;118.253
544;"HD";"2023-07-17";"Consumer Cyclical";8.00204;318.0;314.25;347.25;265.61;315.72;316.5;2000732;0.215;3262620;317750312960;317.82;314.15
545;"MRK";"2023-07-17";"Healthcare";16.2443;105.61;105.51;119.65;84.52;107.04;107.34;7323693;0.95;7274340;267877548032;107.44;105.29
546;"CVX";"2023-07-17";"Energy";10.0301;153.74;153.26;189.68;139.08;153.35;153.58;4326673;1.028;6363080;286848417792;154.14;152.64
547;"KO";"2023-07-17";"Consumer Defensive";-1.21654;60.89;60.76;65.47;54.02;60.76;60.9;9897563;0.809;13991090;262977699840;61.1;60.49
548;"PEP";"2023-07-17";"Consumer Defensive";11.8567;186.71;185.42;196.88;160.98;186.34;188.21;5235799;0.605;5539740;255534546944;187.005;185.42
549;"ABBV";"2023-07-17";"Healthcare";-9.06599;134.82;134.81;168.11;130.96;135.82;136.01;4020791;0.659;5666950;237879230464;136.23;134.561
550;"COST";"2023-07-17";"Consumer Defensive";5.88804;555.0;552.82;564.75;447.9;546.18;546.7;1908918;0.511;1794730;245043134464;554.21;546.145
551;"BAC";"2023-07-17";"Financial Services";-9.76441;29.4;29.41;38.6;26.32;29.15;29.11;48636498;0.0;0;0;0.0;0.0
552;"ADBE";"2023-07-17";"Technology";37.2038;521.63;522.09;523.79;274.73;513.0;514.83;2626050;1.033;2577630;237927596032;522.63;512.38
553;"MCD";"2023-07-17";"Consumer Cyclical";16.8449;294.93;295.27;299.1;230.58;295.08;294.94;1666911;1.251;2035430;215144103936;296.86;294.55
554;"CSCO";"2023-07-17";"Technology";18.2629;50.79;50.86;52.56;38.6;50.2;50.38;14302009;1.107;16779710;207053799424;50.949;50.14
555;"CRM";"2023-07-17";"Technology";36.5954;229.0;228.43;232.2;126.34;229.24;229.33;3518015;0.86;5357390;222071996416;230.28;227.81
556;"PFE";"2023-07-17";"Healthcare";-28.4335;36.0;36.0;54.93;35.35;36.12;36.32;20458052;0.969;21217250;202440818688;36.12;35.78
557;"TMO";"2023-07-17";"Healthcare";1.65143;526.09;523.7;611.06;475.77;526.32;529.36;1289955;0.805;1222450;202603806720;527.13;519.26
558;"NFLX";"2023-07-17";"Communication Services";131.463;450.7;450.05;456.68;188.4;445.57;441.91;6745111;1.065;5494400;200065662976;456.68;445.19
559;"ABT";"2023-07-17";"Healthcare";0.850308;107.71;106.71;115.69;93.25;107.54;107.93;4519900;1.07;4502140;186067648512;107.71;106.714
560;"AMD";"2023-07-17";"Technology";42.38;118.35;118.32;132.83;54.57;115.95;115.94;67906762;1.518;52244740;190537809920;118.84;112.73
561;"DHR";"2023-07-17";"Healthcare";-2.64308;237.9;237.2;303.82;221.22;240.15;240.53;3402865;1.349;2538040;175442870272;240.45;234.897
562;"CMCSA";"2023-07-17";"Communication Services";3.62605;42.05;42.09;43.72;28.39;41.85;42.01;16339206;0.55;14752070;175466053632;42.265;41.51
563;"TMUS";"2023-07-17";"Communication Services";3.87447;137.99;138.29;154.38;124.92;139.32;139.68;4898106;0.603;3721970;165584830464;139.65;137.77
564;"NKE";"2023-07-17";"Consumer Cyclical";3.85799;108.7;108.59;131.31;82.22;107.26;107.95;6104728;1.6;8589900;167086178304;109.1;106.76
565;"DIS";"2023-07-17";"Communication Services";-7.39812;85.59;85.51;126.48;84.07;88.42;88.62;34285557;0.826;12895980;156343779328;88.49;85.3
566;"WFC";"2023-07-17";"Financial Services";5.75383;44.73;44.72;48.84;35.25;43.56;43.56;25100804;0.0;0;0;0.0;0.0
567;"TXN";"2023-07-17";"Technology";13.2649;184.5;183.4;186.3;145.97;179.29;180.85;3918464;3.933;4305080;166463733760;184.26;178.72
568;"VZ";"2023-07-17";"Communication Services";-32.3588;31.5;31.55;51.17;31.25;33.65;34.01;97083315;0.54;23450930;132257521664;33.65;31.25
569;"UPS";"2023-07-17";"Industrials";2.8765;182.59;182.55;209.39;154.87;184.48;185.26;2553157;1.228;3212430;156952838144;184.5;182.42
570;"PM";"2023-07-17";"Consumer Defensive";11.1608;98.95;98.93;105.62;82.85;99.15;99.5;4695242;0.306;3892500;153590185984;99.3;97.91
571;"NEE";"2023-07-17";"Utilities";-5.56057;72.98;72.62;91.35;69.64;72.96;73.2;4933440;0.245;7153730;147021709312;73.42;72.45
572;"RTX";"2023-07-17";"Industrials";7.09354;96.91;96.0;104.91;80.27;96.09;96.17;3258768;0.715;3929330;140737003520;96.88;95.6
573;"MS";"2023-07-17";"Financial Services";8.77504;86.52;86.58;100.99;74.67;85.68;85.78;7785381;1.67;7508490;144247406592;86.9;85.68
574;"INTC";"2023-07-17";"Technology";-14.3632;34.4;34.37;40.73;24.59;33.16;33.15;33564340;1.152;32264410;143357263872;34.6;33.07
575;"HON";"2023-07-17";"Industrials";20.585;208.49;208.47;220.96;166.63;205.57;206.14;2150605;0.854;2424940;138573971456;208.83;205.26
576;"BMY";"2023-07-17";"Healthcare";-16.0022;61.86;61.85;81.44;61.405;61.99;61.94;7479960;1.188;7977770;129937571840;62.015;61.405
577;"LOW";"2023-07-17";"Consumer Cyclical";23.1175;228.32;227.07;235.07;176.5;228.71;228.74;1951197;0.176;2375500;133586083840;230.1;227.25
578;"QCOM";"2023-07-17";"Technology";-13.5013;124.18;123.37;156.66;101.47;122.33;122.56;5813661;1.318;6703320;137467609088;124.46;120.76
579;"BA";"2023-07-17";"Industrials";44.2729;212.11;211.68;223.91;120.99;212.5;213.12;3539344;0.294;4677230;127459713024;214.23;211.735
580;"AXP";"2023-07-17";"Financial Services";21.8225;175.69;175.79;182.15;130.65;172.94;173.39;2140889;1.564;2322490;130357043200;176.26;172.835
581;"SPGI";"2023-07-17";"Financial Services";20.4598;422.77;409.48;418.64;279.32;416.71;416.02;1188419;0.607;1131570;133898715136;418.64;414.72
582;"INTU";"2023-07-17";"Technology";24.6594;500.0;491.51;492.74;352.63;481.95;483.99;1330446;1.13;1449760;137459056640;492.74;480.48
583;"CAT";"2023-07-17";"NULL";0.0;0.0;0.0;0.0;0.0;0.0;0.0;0;0.0;0;0;0.0;0.0
584;"UNP";"2023-07-17";"Industrials";0.366282;210.55;210.25;242.36;183.69;210.56;210.99;1448805;0.489;1997250;127950585856;210.825;209.097
585;"COP";"2023-07-17";"Energy";25.8846;107.45;106.59;138.49;84.65;106.69;107.09;4080084;1.204;5586140;128798793728;107.66;106.14
586;"IBM";"2023-07-17";"Technology";-3.42431;134.24;134.17;153.21;115.55;133.26;133.4;3152055;0.982;3026740;121895968768;134.61;133.1
587;"AMAT";"2023-07-17";"Technology";53.2532;145.49;145.51;146.69;71.12;142.98;142.74;6300565;1.372;5426120;122183188480;146.5;141.835
588;"AMGN";"2023-07-17";"Healthcare";-6.72982;228.5;226.26;296.67;211.71;226.87;227.43;2032710;2.624;2305320;121741066240;228.6;224.335
589;"DE";"2023-07-17";"Industrials";39.1542;420.6;420.01;448.4;296.95;414.97;414.61;1507988;1.722;1180000;123316559872;423.42;414.905
590;"GE";"2023-07-17";"Industrials";121.842;111.59;110.97;112.15;48.306;110.42;110.28;3619535;0.802;3977440;121173712896;112.15;110.15
591;"LMT";"2023-07-17";"Industrials";19.89;470.0;470.18;508.1;373.67;466.29;464.31;1868332;1.072;755820;119021305856;473.99;465.62
592;"ISRG";"2023-07-17";"Healthcare";71.628;356.0;353.67;355.54;180.07;354.0;354.0;1758930;4.398;1656000;123984830464;355.54;348.715
593;"PLD";"2023-07-17";"Real Estate";7.17282;128.5;127.74;138.86;98.03;127.82;127.75;2776700;0.338;3114470;118185181184;128.74;127.11
594;"T";"2023-07-17";"Communication Services";-29.3716;13.53;13.52;21.53;13.48;14.12;14.5;159761628;0.301;42769010;96725966848;14.21;13.48
595;"NOW";"2023-07-17";"Technology";36.0032;592.38;590.75;594.99;337.0;582.67;580.38;1034687;1.045;1049810;120691499008;594.99;582.0
596;"SYK";"2023-07-17";"Healthcare";59.7876;303.35;295.01;306.93;188.84;301.51;302.43;1162900;0.848;908200;113358536704;302.333;297.5
597;"SBUX";"2023-07-17";"Consumer Cyclical";26.6484;100.9;100.85;115.48;80.0;100.83;101.61;4717885;0.508;6090630;115706150912;101.805;100.05
598;"GS";"2023-07-17";"Financial Services";8.27525;329.0;325.5;389.58;287.75;325.89;326.19;1761445;1.54;2298940;108776988672;327.49;324.36
599;"ELV";"2023-07-17";"Healthcare";-8.75;443.0;432.5;549.52;412.0;435.47;438.73;1350297;1.304;1705330;103633772544;438.59;434.65
600;"BLK";"2023-07-17";"Financial Services";21.8399;727.99;727.94;785.65;503.12;724.55;728.03;643992;0.0;0;0;0.0;0.0
601;"SCHW";"2023-07-17";"Financial Services";-4.44154;58.85;58.72;86.63;45.0;58.38;58.52;15409581;0.388;10158280;106727137280;59.3375;58.1
602;"MDLZ";"2023-07-17";"Consumer Defensive";20.3463;73.02;71.7;78.59;54.72;72.05;72.28;5524447;0.429;6584030;97971494912;72.62;71.895
603;"BKNG";"2023-07-17";"Consumer Cyclical";64.8802;2954.21;2905.0;2954.99;1616.85;2857.23;2866.92;251580;1.495;287660;108941852672;2954.99;2857.23
604;"TJX";"2023-07-17";"Consumer Cyclical";40.3868;85.05;84.83;86.43;59.78;85.17;84.92;3023192;0.537;4504620;97800331264;85.857;84.78
605;"GILD";"2023-07-17";"Healthcare";26.7488;77.75;77.68;89.74;59.27;76.67;77.19;4931392;1.014;5001610;96644685824;77.7583;76.455
606;"ADI";"2023-07-17";"Technology";23.6522;196.67;195.25;199.44;133.48;190.58;191.97;3073398;1.056;2949010;98458435584;197.535;190.58
607;"MMC";"2023-07-17";"Financial Services";25.8645;188.38;186.0;189.235;147.61;186.81;186.72;931650;1.02;1419900;93195542528;189.235;186.68
608;"ADP";"2023-07-17";"Industrials";8.59401;236.61;234.09;274.92;201.46;228.26;229.47;1700651;0.096;1412370;96555106304;234.44;228.26
609;"AMT";"2023-07-17";"Real Estate";-22.1785;186.33;185.5;282.47;178.17;192.93;193.97;4335663;0.382;1804010;86805168128;193.205;184.9
610;"CVS";"2023-07-17";"Healthcare";-24.2974;71.18;71.17;107.26;66.34;71.22;71.38;7791953;0.614;8675620;91242070016;71.53;70.5
611;"VRTX";"2023-07-17";"Healthcare";23.3098;357.79;352.8;359.34;271.61;351.74;352.74;1244333;3.953;955700;92198469632;359.34;351.63
612;"C";"2023-07-17";"Financial Services";-8.62792;46.23;46.23;54.56;40.01;45.805;45.75;18280235;0.0;0;0;0.0;0.0
613;"UBER";"2023-07-17";"Technology";98.1842;45.47;45.46;46.4;22.11;44.68;44.75;21911519;0.858;18666980;92104499200;45.65;44.5
614;"LRCX";"2023-07-17";"Technology";50.9027;663.0;659.4;663.833;299.59;635.0;638.56;1382930;1.943;1064160;88673804288;663.833;635.0
615;"CI";"2023-07-17";"Healthcare";5.36985;285.0;279.5;340.11;240.5;281.14;282.76;1102368;0.591;1451130;83187376128;283.82;279.71
616;"HCA";"2023-07-17";"Healthcare";72.7299;299.46;287.91;304.86;171.22;294.78;296.56;1799596;0.87;1057430;80287465472;295.74;289.8
617;"MO";"2023-07-17";"Consumer Defensive";7.6177;45.42;45.37;48.11;40.35;45.32;45.49;4472133;0.625;7645350;81005117440;45.4875;45.2
618;"ABNB";"2023-07-17";"Consumer Cyclical";46.7595;145.75;145.13;147.4;81.91;142.29;143.34;5657673;0.883;5162360;91613863936;147.4;142.29
619;"ZTS";"2023-07-17";"Healthcare";0.250351;173.5;167.82;187.82;124.15;172.52;172.19;1634187;1.721;1467670;78896381952;172.52;169.68
620;"PGR";"2023-07-17";"Financial Services";5.89355;122.05;121.95;149.87;109.42;117.99;116.79;6022919;0.232;4038930;71377330176;122.66;117.795
621;"PANW";"2023-07-17";"Technology";43.0848;250.03;249.7;258.88;132.22;240.97;241.26;5230841;0.653;5595630;76479045632;250.77;240.97
622;"FI";"2023-07-17";"Technology";36.2137;129.17;125.07;129.15;91.55;127.9;128.0;1781812;0.233;2315150;79330508800;129.15;127.28
623;"REGN";"2023-07-17";"Healthcare";22.468;723.7;706.0;837.55;563.82;718.88;718.52;537096;4.541;658050;79167832064;728.435;717.99
624;"SO";"2023-07-17";"Utilities";-0.43242;70.41;70.03;80.57;60.71;71.24;71.38;2872885;0.321;3627410;76524273664;71.34;70.16
